{"reward":-600,"length":600,"epsilon":-0.0012531328320746493,"_wandb":{"runtime":40},"_runtime":40,"_timestamp":1.774735380629791e+09,"_step":499}