{"_step":499,"reward":-600,"length":600,"epsilon":-0.0012531328320746493,"_timestamp":1.7747343760764859e+09,"_wandb":{"runtime":29},"_runtime":29}