{"epsilon":-0.0012531328320746493,"_timestamp":1.774734878777987e+09,"_wandb":{"runtime":58},"_runtime":58,"_step":499,"reward":-600,"length":600}