{"_wandb":{"runtime":33},"_runtime":33,"_timestamp":1.774735598171701e+09,"_step":499,"reward":-600,"length":600,"epsilon":-0.0012531328320746493}